{"cameraMode":{"drawMode":0,"name":"Shaded","section":"Shading Mode"},"sceneLighting":true,"audioPlay":false,"sceneViewState":{"m_AlwaysRefresh":true,"showFog":true,"showSkybox":true,"showFlares":true,"showImageEffects":true,"showParticleSystems":true,"showVisualEffectGraphs":true,"m_FxEnabled":true},"in2DMode":false,"pivot":{"x":1.1605368852615357,"y":1.000352382659912,"z":1.6061363220214844},"rotation":{"x":0.12711137533187867,"y":-0.1004268079996109,"z":0.012940301559865475,"w":0.986770510673523},"size":1.8979027271270753,"orthographic":false}