{"cameraMode":{"drawMode":0,"name":"Shaded","section":"Shading Mode"},"sceneLighting":true,"audioPlay":false,"sceneViewState":{"m_AlwaysRefresh":true,"showFog":true,"showSkybox":true,"showFlares":true,"showImageEffects":true,"showParticleSystems":true,"showVisualEffectGraphs":true,"m_FxEnabled":true},"in2DMode":false,"pivot":{"x":1.3336796760559083,"y":0.19624567031860352,"z":1.871455192565918},"rotation":{"x":0.26392948627471926,"y":0.6153655052185059,"z":-0.22996598482131959,"w":0.706346869468689},"size":1.702096939086914,"orthographic":false}