{"cameraMode":{"drawMode":0,"name":"Shaded","section":"Shading Mode"},"sceneLighting":true,"audioPlay":false,"sceneViewState":{"m_AlwaysRefresh":true,"showFog":true,"showSkybox":true,"showFlares":true,"showImageEffects":true,"showParticleSystems":true,"showVisualEffectGraphs":true,"m_FxEnabled":true},"in2DMode":false,"pivot":{"x":1.3026069402694703,"y":1.8909705877304078,"z":0.4398936629295349},"rotation":{"x":0.19777613878250123,"y":0.455529123544693,"z":-0.10457063466310501,"w":0.8617475032806397},"size":1.3123078346252442,"orthographic":false}