{"cameraMode":{"drawMode":0,"name":"Shaded","section":"Shading Mode"},"sceneLighting":true,"audioPlay":false,"sceneViewState":{"m_AlwaysRefresh":true,"showFog":true,"showSkybox":true,"showFlares":true,"showImageEffects":true,"showParticleSystems":true,"showVisualEffectGraphs":true,"m_FxEnabled":true},"in2DMode":false,"pivot":{"x":1.6548094749450684,"y":1.9556941986083985,"z":0.5865020155906677},"rotation":{"x":0.16750246286392213,"y":-0.016278855502605439,"z":0.002791297622025013,"w":0.9857895374298096},"size":0.8660256266593933,"orthographic":false}