{"cameraMode":{"drawMode":0,"name":"Shaded","section":"Shading Mode"},"sceneLighting":true,"audioPlay":false,"sceneViewState":{"m_AlwaysRefresh":true,"showFog":true,"showSkybox":true,"showFlares":true,"showImageEffects":true,"showParticleSystems":true,"showVisualEffectGraphs":true,"m_FxEnabled":true},"in2DMode":false,"pivot":{"x":0.27231383323669436,"y":0.36827313899993899,"z":1.4505479335784913},"rotation":{"x":0.19849134981632234,"y":0.6608092784881592,"z":-0.1875990480184555,"w":0.699200451374054},"size":0.8020970225334168,"orthographic":false}