{"cameraMode":{"drawMode":0,"name":"Shaded","section":"Shading Mode"},"sceneLighting":true,"audioPlay":false,"sceneViewState":{"m_AlwaysRefresh":true,"showFog":true,"showSkybox":true,"showFlares":true,"showImageEffects":true,"showParticleSystems":true,"showVisualEffectGraphs":true,"m_FxEnabled":true},"in2DMode":false,"pivot":{"x":0.4952249526977539,"y":1.4892656803131104,"z":1.4923882484436036},"rotation":{"x":0.25815802812576296,"y":0.08794905990362168,"z":-0.023578766733407975,"w":0.9618698358535767},"size":3.202096700668335,"orthographic":false}