{"cameraMode":{"drawMode":0,"name":"Shaded","section":"Shading Mode"},"sceneLighting":true,"audioPlay":false,"sceneViewState":{"m_AlwaysRefresh":true,"showFog":true,"showSkybox":true,"showFlares":true,"showImageEffects":true,"showParticleSystems":true,"showVisualEffectGraphs":true,"m_FxEnabled":true},"in2DMode":false,"pivot":{"x":2.2697346210479738,"y":0.901812732219696,"z":-0.016340404748916627},"rotation":{"x":0.16585421562194825,"y":-0.39512377977371218,"z":0.07276910543441773,"w":0.9006627202033997},"size":0.6651245355606079,"orthographic":false}