{"cameraMode":{"drawMode":0,"name":"Shaded","section":"Shading Mode"},"sceneLighting":true,"audioPlay":false,"sceneViewState":{"m_AlwaysRefresh":true,"showFog":true,"showSkybox":true,"showFlares":true,"showImageEffects":true,"showParticleSystems":true,"showVisualEffectGraphs":true,"m_FxEnabled":true},"in2DMode":false,"pivot":{"x":1.3054457902908326,"y":-0.4495079517364502,"z":2.6802926063537599},"rotation":{"x":0.1914321780204773,"y":0.00556950131431222,"z":-0.0011097077513113618,"w":0.9815652966499329},"size":2.902096748352051,"orthographic":false}