{"cameraMode":{"drawMode":0,"name":"Shaded","section":"Shading Mode"},"sceneLighting":true,"audioPlay":false,"sceneViewState":{"m_AlwaysRefresh":true,"showFog":true,"showSkybox":true,"showFlares":true,"showImageEffects":true,"showParticleSystems":true,"showVisualEffectGraphs":true,"m_FxEnabled":true},"in2DMode":false,"pivot":{"x":1.1160669326782227,"y":1.2091681957244874,"z":1.616979718208313},"rotation":{"x":0.3970717787742615,"y":0.005505950655788183,"z":-0.0023441386874765159,"w":0.9178229570388794},"size":1.4660253524780274,"orthographic":false}