{"cameraMode":{"drawMode":0,"name":"Shaded","section":"Shading Mode"},"sceneLighting":true,"audioPlay":false,"sceneViewState":{"m_AlwaysRefresh":true,"showFog":true,"showSkybox":true,"showFlares":true,"showImageEffects":true,"showParticleSystems":true,"showVisualEffectGraphs":true,"m_FxEnabled":true},"in2DMode":false,"pivot":{"x":1.6047686338424683,"y":0.4246707260608673,"z":0.9282578825950623},"rotation":{"x":0.1028936430811882,"y":-0.7257243990898132,"z":0.11124437302350998,"w":0.6711805462837219},"size":0.8348755240440369,"orthographic":false}